Year,Total,Stroke,Percent_Stroke
2017,3170557,66063,2.0836401931900292
2018,3158279,67583,2.139867947068641
2019,3173530,68976,2.1734787444895747
